nuts_code,region_name,country,pct_change
BE334,Arr. Waremme,BE,411.2
RO221,Braila,RO,310.3
RO315,Ialomita,RO,254.2
BG313,Vratsa,BG,206.6
DE922,Diepholz,DE,202.6
DE927,Nienburg (Weser),DE,188.1
DK021,Østsjælland,DK,174.3
PL637,Chojnicki,PL,170.3
DE148,Ravensburg,DE,136.1
DEC06,St. Wendel,DE,135.1
DE25C,Weißenburg-Gunzenhausen,DE,129.4
NL33B,Oost-Zuid-Holland,NL,124.9
PL617,Inowroclawski,PL,118.2
IE041,Border,IE,113.7
NL421,Noord-Limburg,NL,112.6
DEG0M,Altenburger Land,DE,109.5
NL321,Kop van Noord-Holland,NL,108.6
DEB33,"Landau in der Pfalz, Kreisfreie Stadt",DE,106.3
RO123,Covasna,RO,105.1
DK011,Byen København,DK,102.5
BG423,Pazardzhik,BG,96.2
DE912,"Salzgitter, Kreisfreie Stadt",DE,96.1
DE221,"Landshut, Kreisfreie Stadt",DE,92.3
BE32D,Arr. Thuin,BE,90.0
DE406,Dahme-Spreewald,DE,88.4
IE052,South-East (IE),IE,85.8
DE138,Konstanz,DE,83.2
SI036,Posavska,SI,82.1
PL619,Wloclawski,PL,80.4
DEB37,"Pirmasens, Kreisfreie Stadt",DE,79.4
PL714,Sieradzki,PL,73.7
DEG05,"Weimar, Kreisfreie Stadt",DE,73.1
BG414,Pernik,BG,72.9
NL422,Midden-Limburg,NL,72.6
DE131,"Freiburg im Breisgau, Stadtkreis",DE,72.1
PT11A,Área Metropolitana do Porto,PT,69.2
RO313,Dâmbovita,RO,69.0
ITH44,Trieste,IT,68.8
PL218,Nowosadecki,PL,68.6
DEA17,"Oberhausen, Kreisfreie Stadt",DE,67.2
BG411,Sofia (stolitsa),BG,66.2
FRY50,Mayotte,FR,66.2
DEB3G,Kusel,DE,65.8
ITF47,Bari,IT,65.3
EL303,Kentrikos Tomeas Athinon,EL,65.2
PL926,Zyrardowski,PL,64.9
DE938,Heidekreis,DE,64.7
DEB24,Vulkaneifel,DE,64.3
BG422,Haskovo,BG,63.1
DE949,Emsland,DE,61.4
DE268,Kitzingen,DE,61.2
HR023,Požeško-slavonska županija,HR,61.1
NL225,Achterhoek,NL,59.8
DEA33,"Münster, Kreisfreie Stadt",DE,59.6
DE117,"Heilbronn, Stadtkreis",DE,59.3
FRK22,Ardèche,FR,58.8
BE213,Arr. Turnhout,BE,58.2
RO415,Vâlcea,RO,58.0
RO214,Neamt,RO,57.8
DEG0D,Sömmerda,DE,57.2
DE40B,Oberspreewald-Lausitz,DE,56.5
DE232,"Regensburg, Kreisfreie Stadt",DE,56.1
BG421,Plovdiv,BG,55.2
HU322,Jász-Nagykun-Szolnok,HU,54.6
NL325,Zaanstreek,NL,54.4
DEB11,"Koblenz, Kreisfreie Stadt",DE,54.3
DE263,"Würzburg, Kreisfreie Stadt",DE,54.3
NL412,Midden-Noord-Brabant,NL,53.7
PL925,Siedlecki,PL,53.7
IE051,Mid-West,IE,53.2
IE053,South-West (IE),IE,53.2
BE236,Arr. Sint-Niklaas,BE,52.4
DE125,"Heidelberg, Stadtkreis",DE,52.3
ITI43,Roma,IT,52.3
BG312,Montana,BG,52.3
BE225,Arr. Maaseik,BE,51.8
ITH56,Ferrara,IT,51.3
PT181,Alentejo Litoral,PT,50.6
RO111,Bihor,RO,49.8
ITI35,Fermo,IT,49.4
DE26A,Main-Spessart,DE,49.4
NL111,Oost-Groningen,NL,48.9
NL333,Delft en Westland,NL,48.2
HU323,Szabolcs-Szatmár-Bereg,HU,48.0
EL523,Kilkis,EL,47.3
NL33C,Groot-Rijnmond,NL,46.4
DE24C,Lichtenfels,DE,46.0
NL132,Zuidoost-Drenthe,NL,46.0
SE213,Kalmar län,SE,45.7
BE332,Arr. Liège,BE,45.3
FRI34,Vienne,FR,45.0
FRE21,Aisne,FR,44.9
BG324,Razgrad,BG,44.4
ITG12,Palermo,IT,44.3
BE336,Bezirk Verviers - Deutschsprachige Gemeinschaft,BE,44.3
BE258,Arr. Veurne,BE,44.1
EL525,Pieria,EL,44.0
ITG15,Caltanissetta,IT,43.9
DEA1F,Wesel,DE,43.7
DE127,Neckar-Odenwald-Kreis,DE,43.3
ES421,Albacete,ES,42.8
ES213,Bizkaia,ES,42.0
DE724,Marburg-Biedenkopf,DE,41.5
DE712,"Frankfurt am Main, Kreisfreie Stadt",DE,41.4
DE27B,Ostallgäu,DE,41.4
PL722,Sandomiersko-jedrzejowski,PL,41.4
DK042,Østjylland,DK,41.4
ITH43,Gorizia,IT,40.6
EL653,"Lakonia, Messinia",EL,40.5
DEA51,"Bochum, Kreisfreie Stadt",DE,40.1
DEA35,Coesfeld,DE,40.1
LT022,Kauno apskritis,LT,40.1
FRK26,Rhône,FR,40.0
DE278,Günzburg,DE,39.9
LT024,Marijampoles apskritis,LT,39.9
ES211,Araba/Álava,ES,39.8
PL518,Wroclawski,PL,39.8
DE212,"München, Kreisfreie Stadt",DE,39.4
EL612,Larisa,EL,39.3
BG344,Stara Zagora,BG,38.9
DE274,"Memmingen, Kreisfreie Stadt",DE,38.9
ITF44,Brindisi,IT,38.9
ITH55,Bologna,IT,38.5
ES618,Sevilla,ES,38.2
HR062,Varaždinska županija,HR,38.1
PT16F,Região de Leiria,PT,38.0
BG314,Pleven,BG,38.0
ES411,Ávila,ES,37.9
ITF12,Teramo,IT,37.9
PT16D,Região de Aveiro,PT,37.7
ITI16,Livorno,IT,37.5
DE266,Rhön-Grabfeld,DE,37.5
ES111,A Coruña,ES,37.1
ITI15,Prato,IT,37.0
DEF08,Ostholstein,DE,36.9
DEA55,"Herne, Kreisfreie Stadt",DE,36.5
BE342,Arr. Bastogne,BE,36.4
FI194,Etelä-Pohjanmaa,FI,36.2
BE234,Arr. Gent,BE,36.1
FRJ23,Haute-Garonne,FR,36.0
NL310,Utrecht,NL,35.6
DE258,"Fürth, Landkreis",DE,35.6
BE352,Arr. Namur,BE,35.5
DE273,"Kempten (Allgäu), Kreisfreie Stadt",DE,35.0
DE22A,Rottal-Inn,DE,34.5
DEE02,"Halle (Saale), Kreisfreie Stadt",DE,34.1
DEG0K,Saale-Orla-Kreis,DE,33.8
ITC14,Verbano-Cusio-Ossola,IT,33.1
DE261,"Aschaffenburg, Kreisfreie Stadt",DE,32.8
NL213,Twente,NL,32.7
HR065,Zagrebačka županija,HR,32.7
FR102,Seine-et-Marne,FR,32.5
DEA52,"Dortmund, Kreisfreie Stadt",DE,32.4
DEB25,Trier-Saarburg,DE,32.2
DE24A,Kronach,DE,32.1
ITC4C,Milano,IT,32.1
LT021,Alytaus apskritis,LT,32.0
NL341,Zeeuwsch-Vlaanderen,NL,31.7
ITF13,Pescara,IT,31.4
PL636,Slupski,PL,31.4
NO071,Nordland,NO,31.3
PT200,Região Autónoma dos Açores (PT),PT,31.0
ES112,Lugo,ES,30.9
DEA43,Herford,DE,30.8
DEB34,"Ludwigshafen am Rhein, Kreisfreie Stadt",DE,30.3
PL911,Miasto Warszawa,PL,30.2
DE126,"Mannheim, Stadtkreis",DE,30.2
DE94D,"Oldenburg, Landkreis",DE,30.1
DEG01,"Erfurt, Kreisfreie Stadt",DE,30.1
ITG17,Catania,IT,30.1
NL414,Zuidoost-Noord-Brabant,NL,30.0
DE22C,Dingolfing-Landau,DE,29.8
DEE03,"Magdeburg, Kreisfreie Stadt",DE,29.2
DE213,"Rosenheim, Kreisfreie Stadt",DE,29.2
LU000,Luxembourg,LU,29.2
FRF33,Moselle,FR,29.1
DEB1B,Westerwaldkreis,DE,28.8
BE344,Arr. Neufchâteau,BE,28.6
ES113,Ourense,ES,28.4
EL621,Zakynthos,EL,28.3
DE262,"Schweinfurt, Kreisfreie Stadt",DE,28.3
BG415,Kyustendil,BG,28.3
PT300,Região Autónoma da Madeira (PT),PT,28.1
ES708,Lanzarote,ES,28.0
DE251,"Ansbach, Kreisfreie Stadt",DE,27.6
DE11C,Heidenheim,DE,27.5
DEG03,"Jena, Kreisfreie Stadt",DE,27.2
PL417,Leszczynski,PL,27.1
PT16E,Região de Coimbra,PT,27.0
DE246,"Bayreuth, Landkreis",DE,27.0
DEB32,"Kaiserslautern, Kreisfreie Stadt",DE,26.9
SI033,Koroska,SI,26.9
DEE07,Börde,DE,26.9
ITF48,Barletta-Andria-Trani,IT,26.8
MT001,Malta,MT,26.8
IE063,Midland,IE,26.8
EL631,Aitoloakarnania,EL,26.5
FI1D9,Pohjois-Pohjanmaa,FI,26.3
DEF07,Nordfriesland,DE,26.3
ES414,Palencia,ES,26.2
DEA28,Euskirchen,DE,26.0
DE40I,Uckermark,DE,25.9
DED21,"Dresden, Kreisfreie Stadt",DE,25.6
DE254,"Nürnberg, Kreisfreie Stadt",DE,25.6
FRL01,Alpes-de-Haute-Provence,FR,25.6
DE21C,Fürstenfeldbruck,DE,25.5
DE913,"Wolfsburg, Kreisfreie Stadt",DE,25.4
BG342,Sliven,BG,25.4
NL230,Flevoland,NL,25.3
DEE0D,Stendal,DE,25.3
EL522,Thessaloniki,EL,25.1
RO422,Caras-Severin,RO,25.0
ES220,Navarra,ES,24.6
FI1D5,Keski-Pohjanmaa,FI,24.6
DE242,"Bayreuth, Kreisfreie Stadt",DE,24.5
RO216,Vaslui,RO,24.4
SE231,Hallands län,SE,24.2
ITG13,Messina,IT,24.0
ES417,Soria,ES,24.0
DE25A,Neustadt an der Aisch-Bad Windsheim,DE,23.9
ES523,Valencia / València,ES,23.9
DEB35,"Mainz, Kreisfreie Stadt",DE,23.8
DEB38,"Speyer, Kreisfreie Stadt",DE,23.7
DE241,"Bamberg, Kreisfreie Stadt",DE,23.7
DE911,"Braunschweig, Kreisfreie Stadt",DE,23.5
DEA11,"Düsseldorf, Kreisfreie Stadt",DE,23.5
PL921,Radomski,PL,23.3
ITF52,Matera,IT,23.1
ITI14,Firenze,IT,22.7
EE001,Põhja-Eesti,EE,22.5
ES431,Badajoz,ES,22.5
FI197,Pirkanmaa,FI,22.4
FRC11,Côte-d'Or,FR,22.4
DEE04,Altmarkkreis Salzwedel,DE,22.4
PL821,Krosnienski,PL,22.3
LT026,Siauliu apskritis,LT,22.2
CZ063,Kraj Vysocina,CZ,22.2
ITC15,Novara,IT,22.2
HR025,Osječko-baranjska županija,HR,22.0
PL812,Chelmsko-zamojski,PL,22.0
FRB05,Loir-et-Cher,FR,21.8
DE713,"Offenbach am Main, Kreisfreie Stadt",DE,21.5
FI1C1,Varsinais-Suomi,FI,21.5
EL622,Kerkyra,EL,21.3
NO081,Oslo,NO,21.0
ITC31,Imperia,IT,21.0
DE111,"Stuttgart, Stadtkreis",DE,21.0
ES425,Toledo,ES,20.9
DE222,"Passau, Kreisfreie Stadt",DE,20.8
HU211,Fejér,HU,20.7
ES511,Barcelona,ES,20.7
DEB31,"Frankenthal (Pfalz), Kreisfreie Stadt",DE,20.6
CZ053,Pardubický kraj,CZ,20.6
DE271,"Augsburg, Kreisfreie Stadt",DE,20.4
ITC4D,Monza e della Brianza,IT,20.3
DEG07,Nordhausen,DE,20.2
EL542,Thesprotia,EL,20.2
EL515,"Thasos, Kavala",EL,19.9
NL211,Noord-Overijssel,NL,19.9
DEA26,Düren,DE,19.8
PL426,Koszalinski,PL,19.7
NL125,Zuidwest-Friesland,NL,19.6
HR063,Koprivničko-križevačka županija,HR,19.6
DED51,"Leipzig, Kreisfreie Stadt",DE,19.3
PL517,Walbrzyski,PL,19.3
AT311,Innviertel,AT,19.2
ITF22,Campobasso,IT,19.2
PL224,Czestochowski,PL,19.2
DE134,Ortenaukreis,DE,19.2
ITC47,Brescia,IT,19.1
HR024,Brodsko-posavska županija,HR,19.1
FI195,Pohjanmaa,FI,19.0
ITI21,Perugia,IT,18.8
DEA23,"Köln, Kreisfreie Stadt",DE,18.7
BE345,Arr. Virton,BE,18.6
NL221,Veluwe,NL,18.6
ES415,Salamanca,ES,18.5
AT222,Liezen,AT,18.5
DEG0J,Saale-Holzland-Kreis,DE,18.5
ES416,Segovia,ES,18.4
FRD21,Eure,FR,18.4
ITF46,Foggia,IT,18.4
PL514,Miasto Wroclaw,PL,18.4
HU233,Tolna,HU,18.3
PT16I,Médio Tejo,PT,18.1
PT16B,Oeste,PT,17.9
ES615,Huelva,ES,17.8
SI041,Osrednjeslovenska,SI,17.7
HR026,Vukovarsko-srijemska županija,HR,17.7
ES412,Burgos,ES,17.5
HU222,Vas,HU,17.3
ES532,Mallorca,ES,17.3
DEC02,Merzig-Wadern,DE,17.1
ES243,Zaragoza,ES,16.9
NO0B2,Svalbard,NO,16.8
ITH31,Verona,IT,16.8
DE255,"Schwabach, Kreisfreie Stadt",DE,16.7
EL513,Rodopi,EL,16.6
ITF33,Napoli,IT,16.3
FRF23,Marne,FR,16.2
PT185,Lezíria do Tejo,PT,16.1
CZ052,Královéhradecký kraj,CZ,16.0
FRE11,Nord,FR,15.9
FRL04,Bouches-du-Rhône,FR,15.9
FRK14,Puy-de-Dôme,FR,15.9
ES120,Asturias,ES,15.8
NO0A2,Vestland,NO,15.7
AT331,Außerfern,AT,15.6
IE042,West,IE,15.3
EL421,"Kalymnos, Karpathos, Kos, Rodos",EL,15.3
DEA41,"Bielefeld, Kreisfreie Stadt",DE,15.3
DEA13,"Essen, Kreisfreie Stadt",DE,15.2
FRJ13,Hérault,FR,15.2
NL33A,Zuidoost-Zuid-Holland,NL,15.0
CZ020,Stredoceský kraj,CZ,14.9
DEF05,Dithmarschen,DE,14.8
RO321,Bucuresti,RO,14.8
ES709,Tenerife,ES,14.8
ITG2E,Nuoro,IT,14.7
NL124,Noord-Friesland,NL,14.7
ITC33,Genova,IT,14.7
DE122,"Karlsruhe, Stadtkreis",DE,14.7
PL515,Jeleniogórski,PL,14.5
EL434,Chania,EL,14.5
DE80K,Landkreis Rostock,DE,14.4
FRI22,Creuse,FR,14.4
DEB17,Mayen-Koblenz,DE,14.2
ITH35,Venezia,IT,14.2
DK031,Fyn,DK,14.1
AT112,Nordburgenland,AT,14.1
HR061,Međimurska županija,HR,14.1
DK032,Sydjylland,DK,14.1
BE32B,Arr. Charleroi,BE,14.1
FRH04,Morbihan,FR,13.9
ITC12,Vercelli,IT,13.9
NL342,Overig Zeeland,NL,13.9
RO224,Galati,RO,13.9
ITH58,Forlì-Cesena,IT,13.9
AT124,Waldviertel,AT,13.8
FRK21,Ain,FR,13.7
RO222,Buzau,RO,13.5
RO215,Suceava,RO,13.5
DE94G,Wesermarsch,DE,13.5
ES418,Valladolid,ES,13.4
EL511,Evros,EL,13.4
DE231,"Amberg, Kreisfreie Stadt",DE,13.4
DE404,"Potsdam, Kreisfreie Stadt",DE,13.2
DE94C,Leer,DE,13.1
DE942,"Emden, Kreisfreie Stadt",DE,13.1
DE91B,Wolfenbüttel,DE,13.1
NL112,Delfzijl en omgeving,NL,13.0
ES617,Málaga,ES,13.0
PL815,Pulawski,PL,12.8
BE310,Arr. Nivelles,BE,12.7
SE125,Västmanlands län,SE,12.7
AT224,Oststeiermark,AT,12.6
SK022,Trenciansky kraj,SK,12.6
NO0A3,Møre og Romsdal,NO,12.5
HR064,Krapinsko-zagorska županija,HR,12.4
DE94B,Grafschaft Bentheim,DE,12.4
DE937,Rotenburg (Wümme),DE,12.3
DE144,"Ulm, Stadtkreis",DE,12.3
DEB3C,Bad Dürkheim,DE,12.2
DEA53,"Hagen, Kreisfreie Stadt",DE,12.2
DE22B,Straubing-Bogen,DE,12.2
DE80M,Nordwestmecklenburg,DE,12.0
FRF22,Aube,FR,11.9
EL531,"Grevena, Kozani",EL,11.8
FRF11,Bas-Rhin,FR,11.8
FRK23,Drôme,FR,11.7
PL213,Miasto Kraków,PL,11.6
ES300,Madrid,ES,11.5
DEB13,Altenkirchen (Westerwald),DE,11.5
NL332,Agglomeratie 's-Gravenhage,NL,11.4
FRI13,Landes,FR,11.2
NO060,Trøndelag,NO,11.2
BE331,Arr. Huy,BE,11.2
PT170,Área Metropolitana de Lisboa,PT,11.0
ITH57,Ravenna,IT,11.0
FRD11,Calvados,FR,10.9
FI1D7,Lappi,FI,10.8
DE149,Sigmaringen,DE,10.7
DE403,"Frankfurt (Oder), Kreisfreie Stadt",DE,10.6
ES212,Gipuzkoa,ES,10.6
FRI32,Charente-Maritime,FR,10.5
SI042,Gorenjska,SI,10.5
FRI21,Corrèze,FR,10.4
NO0A1,Rogaland,NO,10.4
SE332,Norrbottens län,SE,10.4
AT127,Wiener Umland/Südteil,AT,10.3
DEE0C,Salzlandkreis,DE,10.2
ITH10,Bolzano-Bozen,IT,10.1
DEA5B,Soest,DE,10.0
DEA57,Hochsauerlandkreis,DE,10.0
AT314,Steyr-Kirchdorf,AT,9.9
EL642,Evvoia,EL,9.8
PL622,Olsztynski,PL,9.8
DE21M,Traunstein,DE,9.8
SE224,Skåne län,SE,9.7
ES130,Cantabria,ES,9.6
FRG01,Loire-Atlantique,FR,9.5
FRL05,Var,FR,9.4
AT122,Niederösterreich-Süd,AT,9.4
DEG0B,Schmalkalden-Meiningen,DE,9.4
NO074,Troms og Finnmark,NO,9.1
FRC24,Territoire de Belfort,FR,9.1
FRK28,Haute-Savoie,FR,9.1
AT213,Unterkärnten,AT,8.9
ES432,Cáceres,ES,8.8
DE253,"Fürth, Kreisfreie Stadt",DE,8.7
HR021,Bjelovarsko-bilogorska županija,HR,8.7
BG311,Vidin,BG,8.7
DEA1B,Kleve,DE,8.7
SI031,Pomurska,SI,8.6
PL523,Nyski,PL,8.6
DE732,Fulda,DE,8.6
DE118,"Heilbronn, Landkreis",DE,8.5
FRM01,Corse-du-Sud,FR,8.5
FRB02,Eure-et-Loir,FR,8.5
DE24D,Wunsiedel im Fichtelgebirge,DE,8.5
NL131,Noord-Drenthe,NL,8.4
BE253,Arr. Ieper,BE,8.4
ES704,Fuerteventura,ES,8.3
HU333,Csongrád,HU,8.1
AT130,Wien,AT,8.1
DEA37,Steinfurt,DE,8.1
ES521,Alicante / Alacant,ES,8.0
FRH01,Côtes-d'Armor,FR,8.0
NL337,Agglomeratie Leiden en Bollenstreek,NL,7.9
FRJ15,Pyrénées-Orientales,FR,7.9
BG343,Yambol,BG,7.7
DE501,"Bremen, Kreisfreie Stadt",DE,7.6
DE238,"Regensburg, Landkreis",DE,7.6
FRC22,Jura,FR,7.6
DE21G,Mühldorf am Inn,DE,7.3
AT341,Bludenz-Bregenzer Wald,AT,7.3
DE734,"Kassel, Landkreis",DE,7.3
DEF02,"Kiel, Kreisfreie Stadt",DE,7.2
NL329,Groot-Amsterdam,NL,7.1
DE80J,Mecklenburgische Seenplatte,DE,7.1
EL412,"Ikaria, Samos",EL,7.1
FRI12,Gironde,FR,7.0
DK050,Nordjylland,DK,6.9
DE80N,Vorpommern-Greifswald,DE,6.9
FI1D8,Kainuu,FI,6.8
PL414,Koninski,PL,6.7
EL433,Rethymni,EL,6.7
LT029,Utenos apskritis,LT,6.7
ITH20,Trento,IT,6.6
AT322,Pinzgau-Pongau,AT,6.6
DEB14,Bad Kreuznach,DE,6.6
SE312,Dalarnas län,SE,6.4
DE25B,Roth,DE,6.4
EL641,Voiotia,EL,6.3
NL324,Agglomeratie Haarlem,NL,6.3
DEE01,"Dessau-Roßlau, Kreisfreie Stadt",DE,6.2
SI043,Goriska,SI,6.2
SE124,Örebro län,SE,6.2
DE40E,Potsdam-Mittelmark,DE,6.2
BE353,Arr. Philippeville,BE,6.0
EL301,Voreios Tomeas Athinon,EL,6.0
HR033,Zadarska zupanija,HR,6.0
FI200,Åland,FI,5.9
PL633,Trojmiejski,PL,5.8
HR036,Istarska zupanija,HR,5.8
FRC13,Saône-et-Loire,FR,5.6
ITG2G,Oristano,IT,5.6
ES620,Murcia,ES,5.5
FRY10,Guadeloupe,FR,5.3
SE123,Östergötlands län,SE,5.3
DE947,Aurich,DE,5.3
DEB39,"Worms, Kreisfreie Stadt",DE,5.3
BE241,Arr. Halle-Vilvoorde,BE,5.2
AT315,Traunviertel,AT,5.2
FR101,Paris,FR,5.1
ITI32,Ancona,IT,5.1
PL431,Gorzowski,PL,5.0
PL814,Lubelski,PL,5.0
LV008,Vidzeme,LV,5.0
DE932,Cuxhaven,DE,4.9
DE234,Amberg-Sulzbach,DE,4.9
PL214,Krakowski,PL,4.9
DEG0L,Greiz,DE,4.8
EL611,"Karditsa, Trikala",EL,4.8
EL645,Fokida,EL,4.8
DE91A,Peine,DE,4.7
FRG05,Vendée,FR,4.7
EL624,Lefkada,EL,4.7
ES114,Pontevedra,ES,4.6
BG315,Lovech,BG,4.5
EL632,Achaia,EL,4.5
DED44,Vogtlandkreis,DE,4.5
DE600,Hamburg,DE,4.5
DEA46,Minden-Lübbecke,DE,4.4
SI044,Obalno-kraska,SI,4.4
ITC41,Varese,IT,4.4
PT16H,Beira Baixa,PT,4.2
CZ031,Jihocecký kraj,CZ,4.2
BE231,Arr. Aalst,BE,4.1
FRK13,Haute-Loire,FR,4.1
RO311,Arges,RO,4.0
AT312,Linz-Wels,AT,4.0
FRH03,Ille-et-Vilaine,FR,3.9
DE21B,Freising,DE,3.9
ITC11,Torino,IT,3.7
DEB3H,Südliche Weinstraße,DE,3.7
BE255,Arr. Oostende,BE,3.6
DE244,"Hof, Kreisfreie Stadt",DE,3.6
DED2C,Bautzen,DE,3.6
ITH54,Modena,IT,3.6
ITG2D,Sassari,IT,3.4
DEA36,Recklinghausen,DE,3.4
AT212,Oberkärnten,AT,3.4
EL411,"Lesvos, Limnos",EL,3.4
FRJ25,Lot,FR,3.4
ES241,Huesca,ES,3.3
AT342,Rheintal-Bodenseegebiet,AT,3.2
PL21A,Oswiecimski,PL,3.2
FRD12,Manche,FR,3.2
AT221,Graz,AT,3.1
AT333,Osttirol,AT,3.1
ES423,Cuenca,ES,3.1
DE926,Holzminden,DE,3.0
ITG11,Trapani,IT,3.0
RO223,Constanta,RO,3.0
HR032,Licko-senjska zupanija,HR,2.9
ITI33,Macerata,IT,2.6
ITF14,Chieti,IT,2.6
AT226,Westliche Obersteiermark,AT,2.5
SI032,Podravska,SI,2.5
DEB21,"Trier, Kreisfreie Stadt",DE,2.4
DEA44,Höxter,DE,2.3
DEG06,Eichsfeld,DE,2.2
ES230,La Rioja,ES,2.2
PL842,Lomzynski,PL,2.2
FRJ28,Tarn-et-Garonne,FR,2.0
DE933,Harburg,DE,2.0
LV006,Riga,LV,1.9
ITC20,Valle d'Aosta/Vallée d'Aoste,IT,1.9
CY000,Kypros,CY,1.9
PL516,Legnicko-Glogowski,PL,1.8
DE272,"Kaufbeuren, Kreisfreie Stadt",DE,1.8
HR035,Splitsko-dalmatinska zupanija,HR,1.7
PL623,Elcki,PL,1.6
PL843,Suwalski,PL,1.6
FI1C3,Päijät-Häme,FI,1.5
HU110,Budapest,HU,1.4
DE94H,Wittmund,DE,1.4
ITF64,Vibo Valentia,IT,1.3
SE232,Västra Götalands län,SE,1.2
PL217,Tarnowski,PL,1.2
PL415,Miasto Poznan,PL,1.2
DEG0E,Hildburghausen,DE,1.2
NO082,Viken,NO,1.1
CZ041,Karlovarský kraj,CZ,1.1
ITC32,Savona,IT,1.1
FRY40,La Réunion,FR,1.1
DK022,Vest- og Sydsjælland,DK,1.0
ES514,Tarragona,ES,1.0
BE351,Arr. Dinant,BE,0.9
ITG14,Agrigento,IT,0.8
DEE05,Anhalt-Bitterfeld,DE,0.8
HR031,Primorsko-goranska zupanija,HR,0.7
BE211,Arr. Antwerpen,BE,0.6
AT113,Südburgenland,AT,0.6
DE26B,"Schweinfurt, Landkreis",DE,0.5
ITC44,Sondrio,IT,0.5
ES703,El Hierro,ES,0.4
AT335,Tiroler Unterland,AT,0.4
FRI15,Pyrénées-Atlantiques,FR,0.4
SE110,Stockholms län,SE,0.3
DE217,Dachau,DE,0.3
HR050,Grad Zagreb,HR,0.3
ITG2F,Cagliari,IT,0.3
IE061,Dublin,IE,0.2
EL532,Kastoria,EL,0.2
PL225,Bielski,PL,0.1
FRJ14,Lozère,FR,-0.0
PT150,Algarve,PT,-0.0
ITI1A,Grosseto,IT,0.0
SE331,Västerbottens län,SE,-0.1
ES424,Guadalajara,ES,-0.1
DE40G,Spree-Neiße,DE,-0.2
DE714,"Wiesbaden, Kreisfreie Stadt",DE,-0.3
AT332,Innsbruck,AT,-0.3
DE23A,Tirschenreuth,DE,-0.4
BG412,Sofia,BG,-0.4
HR037,Dubrovacko-neretvanska zupanija,HR,-0.4
NL224,Zuidwest-Gelderland,NL,-0.5
FRJ22,Aveyron,FR,-0.5
NL126,Zuidoost-Friesland,NL,-0.6
DEF0C,Schleswig-Flensburg,DE,-0.6
NO091,Vestfold og Telemark,NO,-0.6
BG341,Burgas,BG,-0.7
BE100,Arr. de Bruxelles-Capitale / Arr. van Brussel-Hoofdstad,BE,-0.8
FRD22,Seine-Maritime,FR,-0.8
PT11B,Alto Tâmega,PT,-0.9
DE723,Limburg-Weilburg,DE,-0.9
PL618,Swiecki,PL,-0.9
HU120,Pest,HU,-0.9
ITH42,Udine,IT,-1.0
ES611,Almería,ES,-1.0
DEC01,Regionalverband Saarbrücken,DE,-1.0
SK032,Banskobystrický kraj,SK,-1.0
FRL02,Hautes-Alpes,FR,-1.0
AT334,Tiroler Oberland,AT,-1.1
CZ010,Hlavní mesto Praha,CZ,-1.1
NL411,West-Noord-Brabant,NL,-1.2
DE27A,Lindau (Bodensee),DE,-1.2
FRB04,Indre-et-Loire,FR,-1.3
FI1C2,Kanta-Häme,FI,-1.3
CZ032,Plzenský kraj,CZ,-1.5
DE112,Böblingen,DE,-1.5
PT119,Ave,PT,-1.6
FRE23,Somme,FR,-1.6
BE32A,Arr. Ath,BE,-1.7
DE132,Breisgau-Hochschwarzwald,DE,-1.7
FRK11,Allier,FR,-1.8
NO092,Agder,NO,-1.8
DE224,Deggendorf,DE,-1.9
HU332,Békés,HU,-1.9
ES612,Cádiz,ES,-2.0
DE11D,Ostalbkreis,DE,-2.0
DE279,Neu-Ulm,DE,-2.0
AT126,Wiener Umland/Nordteil,AT,-2.0
ITF61,Cosenza,IT,-2.2
RO121,Alba,RO,-2.2
RO115,Satu Mare,RO,-2.2
SE122,Södermanlands län,SE,-2.2
HU311,Borsod-Abaúj-Zemplén,HU,-2.3
DEE0B,Saalekreis,DE,-2.3
FRC21,Doubs,FR,-2.4
CZ071,Olomoucký kraj,CZ,-2.5
PL822,Przemyski,PL,-2.5
EL431,Irakleio,EL,-2.6
LV009,Zemgale,LV,-2.7
PT184,Baixo Alentejo,PT,-2.8
DE245,"Bamberg, Landkreis",DE,-2.8
PL424,Miasto Szczecin,PL,-3.0
DEB1C,Cochem-Zell,DE,-3.0
RO314,Giurgiu,RO,-3.1
SE211,Jönköpings län,SE,-3.1
FI1B1,Helsinki-Uusimaa,FI,-3.1
DEA2D,Städteregion Aachen,DE,-3.2
DE91C,Göttingen,DE,-3.2
NO020,Innlandet,NO,-3.3
CZ080,Moravskoslezský kraj,CZ,-3.4
DEA1A,"Wuppertal, Kreisfreie Stadt",DE,-3.4
EL541,"Arta, Preveza",EL,-3.5
CZ064,Jihomoravský kraj,CZ,-3.5
ES705,Gran Canaria,ES,-3.6
PT11D,Douro,PT,-3.7
HR027,Karlovačka županija,HR,-3.8
HU231,Baranya,HU,-3.8
ITF31,Caserta,IT,-3.8
FRF31,Meurthe-et-Moselle,FR,-3.8
DEA47,Paderborn,DE,-3.9
NL413,Noordoost-Noord-Brabant,NL,-3.9
PL712,Lódzki,PL,-3.9
DE736,Waldeck-Frankenberg,DE,-4.0
DE24B,Kulmbach,DE,-4.0
DEG0C,Gotha,DE,-4.0
PL228,Bytomski,PL,-4.0
DE916,Goslar,DE,-4.0
FRF12,Haut-Rhin,FR,-4.1
FRF24,Haute-Marne,FR,-4.1
HR022,Virovitičko-podravska županija,HR,-4.1
ES512,Girona,ES,-4.1
DE717,Groß-Gerau,DE,-4.2
DE40D,Ostprignitz-Ruppin,DE,-4.2
CZ072,Zlínský kraj,CZ,-4.2
DE113,Esslingen,DE,-4.2
DEA2A,Oberbergischer Kreis,DE,-4.2
PT112,Cávado,PT,-4.2
AT323,Salzburg und Umgebung,AT,-4.2
RO125,Mures,RO,-4.2
DE94A,Friesland (DE),DE,-4.3
PT187,Alentejo Central,PT,-4.5
RO213,Iasi,RO,-4.7
FRM02,Haute-Corse,FR,-4.7
DE146,Biberach,DE,-4.7
BG321,Veliko Tarnovo,BG,-4.7
DEB3K,Südwestpfalz,DE,-4.7
DE211,"Ingolstadt, Kreisfreie Stadt",DE,-4.8
DEA12,"Duisburg, Kreisfreie Stadt",DE,-4.9
FRG02,Maine-et-Loire,FR,-4.9
BG323,Ruse,BG,-5.0
DEA42,Gütersloh,DE,-5.1
DE40F,Prignitz,DE,-5.1
NL113,Overig Groningen,NL,-5.1
DED2D,Görlitz,DE,-5.3
RO212,Botosani,RO,-5.4
EE00A,Kirde-Eesti,EE,-5.4
ITF45,Lecce,IT,-5.4
PT186,Alto Alentejo,PT,-5.5
SE321,Västernorrlands län,SE,-5.5
EL652,Korinthia,EL,-5.6
DEG09,Unstrut-Hainich-Kreis,DE,-5.6
EL613,Magnisia,EL,-5.7
ITC34,La Spezia,IT,-5.7
ITI22,Terni,IT,-5.9
RO122,Brasov,RO,-6.0
HU213,Veszprém,HU,-6.0
EL644,Fthiotida,EL,-6.0
DEB3F,"Kaiserslautern, Landkreis",DE,-6.0
BE242,Arr. Leuven,BE,-6.0
FRJ12,Gard,FR,-6.1
FRH02,Finistère,FR,-6.1
DEG0P,Wartburgkreis,DE,-6.1
DEB23,Eifelkreis Bitburg-Prüm,DE,-6.1
BG331,Varna,BG,-6.2
ES413,León,ES,-6.2
PL432,Zielonogórski,PL,-6.2
FRL03,Alpes-Maritimes,FR,-6.3
PL22B,Sosnowiecki,PL,-6.4
DED45,Zwickau,DE,-6.5
ITF43,Taranto,IT,-6.5
DEF0B,Rendsburg-Eckernförde,DE,-6.5
DE123,"Karlsruhe, Landkreis",DE,-6.6
SE121,Uppsala län,SE,-6.6
EL304,Notios Tomeas Athinon,EL,-6.6
DE26C,"Würzburg, Landkreis",DE,-6.6
DEA38,Warendorf,DE,-6.7
BE224,Arr. Hasselt,BE,-6.7
DE239,Schwandorf,DE,-6.8
DE27E,Oberallgäu,DE,-6.9
ITG2H,Sud Sardegna,IT,-7.0
EL527,Chalkidiki,EL,-7.0
DE228,"Passau, Landkreis",DE,-7.0
PL229,Gliwicki,PL,-7.1
FRE12,Pas-de-Calais,FR,-7.3
DE711,"Darmstadt, Kreisfreie Stadt",DE,-7.4
EL432,Lasithi,EL,-7.5
ES533,Menorca,ES,-7.5
HR034,Sibensko-kninska zupanija,HR,-7.5
DE948,Cloppenburg,DE,-7.5
PL416,Kaliski,PL,-7.5
DE929,Region Hannover,DE,-7.6
DE405,Barnim,DE,-7.7
HU331,Bács-Kiskun,HU,-7.7
DE722,Lahn-Dill-Kreis,DE,-7.8
HU221,Gyor-Moson-Sopron,HU,-8.0
DEA22,"Bonn, Kreisfreie Stadt",DE,-8.1
FRK24,Isère,FR,-8.1
DE40C,Oder-Spree,DE,-8.2
DE243,"Coburg, Kreisfreie Stadt",DE,-8.2
PL711,Miasto Lódz,PL,-8.2
FRY20,Martinique,FR,-8.2
FRB06,Loiret,FR,-8.3
DE248,Forchheim,DE,-8.3
FRY30,Guyane,FR,-8.4
FI193,Keski-Suomi,FI,-8.4
ITC42,Como,IT,-8.5
DEA27,Rhein-Erft-Kreis,DE,-8.5
ES640,Melilla (ES),ES,-8.5
ITI31,Pesaro e Urbino,IT,-8.7
SI034,Savinjska,SI,-8.7
DE731,"Kassel, Kreisfreie Stadt",DE,-8.8
PT111,Alto Minho,PT,-8.9
SI038,Primorsko-notranjska,SI,-9.0
DEA29,Heinsberg,DE,-9.0
DE129,"Pforzheim, Stadtkreis",DE,-9.1
DEE0E,Wittenberg,DE,-9.2
DE803,"Rostock, Kreisfreie Stadt",DE,-9.2
PL841,Bialostocki,PL,-9.2
ES614,Granada,ES,-9.4
AT313,Mühlviertel,AT,-9.4
DE21E,Landsberg am Lech,DE,-9.5
ITC4A,Cremona,IT,-9.5
HU212,Komárom-Esztergom,HU,-9.5
DE733,Hersfeld-Rotenburg,DE,-9.6
DE12A,Calw,DE,-9.7
DE11A,Schwäbisch Hall,DE,-9.7
BE341,Arr. Arlon,BE,-9.8
DE219,Eichstätt,DE,-9.8
BE212,Arr. Mechelen,BE,-9.8
FRE22,Oise,FR,-9.8
DEF0A,Plön,DE,-9.8
RO421,Arad,RO,-9.9
DE21H,"München, Landkreis",DE,-9.9
DEA5C,Unna,DE,-9.9
DE716,Darmstadt-Dieburg,DE,-10.0
PL621,Elblaski,PL,-10.0
RO225,Tulcea,RO,-10.0
RO316,Prahova,RO,-10.1
DE925,Hildesheim,DE,-10.1
FRI11,Dordogne,FR,-10.2
EL422,"Andros, Thira, Kea, Milos, Mykonos, Naxos, Paros, Syros, Tinos",EL,-10.2
BE235,Arr. Oudenaarde,BE,-10.3
DE300,Berlin,DE,-10.4
DE147,Bodenseekreis,DE,-10.4
DEG0H,Sonneberg,DE,-10.4
DE21K,"Rosenheim, Landkreis",DE,-10.5
DEB3A,"Zweibrücken, Kreisfreie Stadt",DE,-10.6
EL413,Chios,EL,-10.6
DE252,"Erlangen, Kreisfreie Stadt",DE,-10.7
LT011,Vilniaus apskritis,LT,-10.7
DEA34,Borken,DE,-10.7
BE329,Arr. La Louvière,BE,-10.8
DE94F,Vechta,DE,-10.8
DE216,Bad Tölz-Wolfratshausen,DE,-10.8
DE71A,Main-Taunus-Kreis,DE,-10.9
PL634,Gdanski,PL,-11.0
BG425,Kardzhali,BG,-11.1
DE21A,Erding,DE,-11.1
DK041,Vestjylland,DK,-11.3
AT111,Mittelburgenland,AT,-11.4
DEE09,Harz,DE,-11.4
SE322,Jämtlands län,SE,-11.5
FR105,Hauts-de-Seine,FR,-11.5
DED42,Erzgebirgskreis,DE,-11.5
ITG19,Siracusa,IT,-11.6
SK041,Presovský kraj,SK,-11.6
DE401,"Brandenburg an der Havel, Kreisfreie Stadt",DE,-11.7
AT211,Klagenfurt-Villach,AT,-11.7
EL302,Dytikos Tomeas Athinon,EL,-11.8
FR107,Val-de-Marne,FR,-11.8
PL428,Szczecinski,PL,-11.8
DE12C,Freudenstadt,DE,-11.8
EL633,Ileia,EL,-12.0
DE133,Emmendingen,DE,-12.0
DK012,Københavns omegn,DK,-12.1
FR108,Val-d'Oise,FR,-12.3
NL323,IJmond,NL,-12.3
DE119,Hohenlohekreis,DE,-12.3
ITH51,Piacenza,IT,-12.5
FRK27,Savoie,FR,-12.6
PL22A,Katowicki,PL,-12.6
DE235,Cham,DE,-12.8
PL824,Tarnobrzeski,PL,-12.9
DEA32,"Gelsenkirchen, Kreisfreie Stadt",DE,-12.9
ITI34,Ascoli Piceno,IT,-13.1
DE145,Alb-Donau-Kreis,DE,-13.1
DE256,"Ansbach, Landkreis",DE,-13.1
DE116,Rems-Murr-Kreis,DE,-13.1
DE115,Ludwigsburg,DE,-13.1
RO124,Harghita,RO,-13.1
EL651,"Argolida, Arkadia",EL,-13.2
SK042,Kosický kraj,SK,-13.3
PT16J,Beiras e Serra da Estrela,PT,-13.7
EE008,Lõuna-Eesti,EE,-13.9
ITC46,Bergamo,IT,-14.0
DE931,Celle,DE,-14.2
DEG0F,Ilm-Kreis,DE,-14.3
FRI14,Lot-et-Garonne,FR,-14.4
FRJ21,Ariège,FR,-14.4
CZ051,Liberecký kraj,CZ,-14.5
RO226,Vrancea,RO,-14.5
ITH59,Rimini,IT,-14.5
ES522,Castellón / Castelló,ES,-14.7
DEE0A,Mansfeld-Südharz,DE,-14.7
DE114,Göppingen,DE,-14.7
DE93B,Verden,DE,-14.7
DE226,Kelheim,DE,-14.8
ES242,Teruel,ES,-15.0
PL913,Warszawski zachodni,PL,-15.0
PL713,Piotrkowski,PL,-15.0
DE936,Osterholz,DE,-15.1
ITI13,Pistoia,IT,-15.2
ES613,Córdoba,ES,-15.3
ES531,"Eivissa, Formentera",ES,-15.3
SK031,Zilinský kraj,SK,-15.3
DEB3D,Donnersbergkreis,DE,-15.4
EL512,Xanthi,EL,-15.5
DE502,"Bremerhaven, Kreisfreie Stadt",DE,-15.5
ITI17,Pisa,IT,-15.6
BE251,Arr. Brugge,BE,-15.6
DE80L,Vorpommern-Rügen,DE,-15.6
HU223,Zala,HU,-15.9
SE214,Gotlands län,SE,-16.0
AT123,Sankt Pölten,AT,-16.1
RO126,Sibiu,RO,-16.1
DE721,"Gießen, Landkreis",DE,-16.1
DE21L,Starnberg,DE,-16.1
ITF11,L'Aquila,IT,-16.2
RO113,Cluj,RO,-16.4
FRB01,Cher,FR,-16.4
DE21D,Garmisch-Partenkirchen,DE,-16.6
ITH41,Pordenone,IT,-16.6
ITG18,Ragusa,IT,-16.7
DE935,"Lüneburg, Landkreis",DE,-16.8
DE725,Vogelsbergkreis,DE,-16.8
ITH53,Reggio nell'Emilia,IT,-17.2
FRL06,Vaucluse,FR,-17.2
DE276,"Augsburg, Landkreis",DE,-17.3
DE923,Hameln-Pyrmont,DE,-17.3
BG322,Gabrovo,BG,-17.4
PL418,Poznanski,PL,-17.4
PT11C,Tâmega e Sousa,PT,-17.4
DE229,Regen,DE,-17.4
HU312,Heves,HU,-17.5
DED41,"Chemnitz, Kreisfreie Stadt",DE,-17.5
ES422,Ciudad Real,ES,-17.7
DE21I,Neuburg-Schrobenhausen,DE,-17.7
DE227,"Landshut, Landkreis",DE,-17.8
DEB15,Birkenfeld,DE,-17.8
BG413,Blagoevgrad,BG,-17.8
PL721,Kielecki,PL,-17.9
FR106,Seine-Saint-Denis,FR,-18.2
AT223,Östliche Obersteiermark,AT,-18.2
LV005,Latgale,LV,-18.2
DE137,Tuttlingen,DE,-18.3
ITI11,Massa-Carrara,IT,-18.3
FRG04,Sarthe,FR,-18.3
DE124,Rastatt,DE,-18.4
SE221,Blekinge län,SE,-18.5
PL219,Nowotarski,PL,-18.5
SE313,Gävleborgs län,SE,-18.6
BG424,Smolyan,BG,-18.6
LT027,Taurages apskritis,LT,-18.7
DEB36,"Neustadt an der Weinstraße, Kreisfreie Stadt",DE,-18.8
HU232,Somogy,HU,-18.8
DE934,Lüchow-Dannenberg,DE,-19.0
ITC43,Lecco,IT,-19.0
EL305,Anatoliki Attiki,EL,-19.0
ITH33,Belluno,IT,-19.0
FRJ11,Aude,FR,-19.1
FRI23,Haute-Vienne,FR,-19.1
DEB3J,Mainz-Bingen,DE,-19.1
DE265,Bad Kissingen,DE,-19.3
NL226,Arnhem/Nijmegen,NL,-19.4
FRK12,Cantal,FR,-19.4
DEB3I,Rhein-Pfalz-Kreis,DE,-19.4
FI1D3,Pohjois-Karjala,FI,-19.5
SK010,Bratislavský kraj,SK,-19.5
CZ042,Ústecký kraj,CZ,-19.6
DEA45,Lippe,DE,-19.7
ES630,Ceuta (ES),ES,-19.9
DE141,Reutlingen,DE,-20.4
DEA15,"Mönchengladbach, Kreisfreie Stadt",DE,-20.5
FRJ26,Hautes-Pyrénées,FR,-20.5
ES616,Jaén,ES,-20.6
PL922,Ciechanowski,PL,-20.6
FI1C4,Kymenlaakso,FI,-20.9
DEB3E,Germersheim,DE,-21.0
FRJ27,Tarn,FR,-21.1
DEB1D,Rhein-Hunsrück-Kreis,DE,-21.2
SI037,Jugovzhodna Slovenija,SI,-21.3
BG334,Targovishte,BG,-21.5
DE918,Northeim,DE,-21.6
LV003,Kurzeme,LV,-21.6
RO413,Mehedinti,RO,-21.8
BE335,Arr. Verviers - communes francophones,BE,-21.8
DED2F,Sächsische Schweiz-Osterzgebirge,DE,-21.9
RO211,Bacau,RO,-22.2
RO114,Maramures,RO,-22.5
BE328,Arr. Tournai-Mouscron,BE,-22.9
DE12B,Enzkreis,DE,-23.0
DE40A,Oberhavel,DE,-23.1
DE215,Berchtesgadener Land,DE,-23.1
LT023,Klaipedos apskritis,LT,-23.2
HR028,Sisačko-moslavačka županija,HR,-23.3
DE928,Schaumburg,DE,-23.3
FRC14,Yonne,FR,-23.5
ITC49,Lodi,IT,-23.7
DEF03,"Lübeck, Kreisfreie Stadt",DE,-23.7
FRJ24,Gers,FR,-23.9
DEA14,"Krefeld, Kreisfreie Stadt",DE,-23.9
DE715,Bergstraße,DE,-24.3
DE402,"Cottbus, Kreisfreie Stadt",DE,-24.4
DE121,"Baden-Baden, Stadtkreis",DE,-24.7
DE237,Neustadt an der Waldnaab,DE,-24.9
DE735,Schwalm-Eder-Kreis,DE,-24.9
BE323,Arr. Mons,BE,-25.0
DE40H,Teltow-Fläming,DE,-25.1
SE311,Värmlands län,SE,-25.1
DE21N,Weilheim-Schongau,DE,-25.1
FRG03,Mayenne,FR,-25.3
EL543,Ioannina,EL,-25.3
DEA1C,Mettmann,DE,-25.3
DE943,"Oldenburg (Oldenburg), Kreisfreie Stadt",DE,-25.4
HU313,Nógrád,HU,-25.4
PL411,Pilski,PL,-25.4
DEG0A,Kyffhäuserkreis,DE,-25.5
BE343,Arr. Marche-en-Famenne,BE,-25.5
BE223,Arr. Tongeren,BE,-25.6
DEA56,Ennepe-Ruhr-Kreis,DE,-25.7
LT025,Panevezio apskritis,LT,-25.8
DED43,Mittelsachsen,DE,-25.8
DEE08,Burgenlandkreis (DE),DE,-25.9
BG333,Shumen,BG,-26.0
IE062,Mid-East,IE,-26.0
DE71E,Wetteraukreis,DE,-26.0
ITF35,Salerno,IT,-26.0
DED53,Nordsachsen,DE,-26.1
EL623,"Ithaki, Kefallinia",EL,-26.5
ITI19,Siena,IT,-26.6
DE128,Rhein-Neckar-Kreis,DE,-26.6
DE11B,Main-Tauber-Kreis,DE,-26.7
PL638,Starogardzki,PL,-26.9
ITH37,Rovigo,IT,-27.1
DEF06,Herzogtum Lauenburg,DE,-27.2
ITH36,Padova,IT,-27.3
DED52,Leipzig,DE,-27.3
HU321,Hajdú-Bihar,HU,-27.4
PL616,Grudziadzki,PL,-27.5
DE139,Lörrach,DE,-27.6
BE252,Arr. Diksmuide,BE,-27.7
DEA54,"Hamm, Kreisfreie Stadt",DE,-27.7
FR104,Essonne,FR,-27.8
DE21F,Miesbach,DE,-27.8
FRF34,Vosges,FR,-27.8
DEF0E,Steinburg,DE,-27.9
DEG0G,Weimarer Land,DE,-27.9
PT16G,Viseu Dão Lafões,PT,-28.1
SE212,Kronobergs län,SE,-28.1
PL823,Rzeszowski,PL,-28.2
PL227,Rybnicki,PL,-28.3
DEF04,"Neumünster, Kreisfreie Stadt",DE,-28.4
DEA2C,Rhein-Sieg-Kreis,DE,-28.5
EL526,Serres,EL,-28.5
RO424,Timis,RO,-28.5
DEB1A,Rhein-Lahn-Kreis,DE,-28.6
RO116,Salaj,RO,-28.6
NL328,Alkmaar en omgeving,NL,-28.8
DE944,"Osnabrück, Kreisfreie Stadt",DE,-28.9
FRC12,Nièvre,FR,-29.0
FRC23,Haute-Saône,FR,-29.3
ITI44,Latina,IT,-29.3
RO112,Bistrita-Nasaud,RO,-29.4
DE236,Neumarkt in der Oberpfalz,DE,-29.4
FI1D2,Pohjois-Savo,FI,-29.4
ITH32,Vicenza,IT,-29.5
DEA24,"Leverkusen, Kreisfreie Stadt",DE,-29.5
NL423,Zuid-Limburg,NL,-29.5
AT225,West- und Südsteiermark,AT,-29.6
PL524,Opolski,PL,-29.6
DE233,"Weiden in der Oberpfalz, Kreisfreie Stadt",DE,-30.0
DE275,Aichach-Friedberg,DE,-30.1
DE21J,Pfaffenhofen an der Ilm,DE,-30.2
DE277,Dillingen an der Donau,DE,-30.4
DE804,"Schwerin, Kreisfreie Stadt",DE,-30.5
EE004,Lääne-Eesti,EE,-30.5
RO322,Ilfov,RO,-30.5
DE218,Ebersberg,DE,-30.6
DE142,"Tübingen, Landkreis",DE,-30.8
ITF62,Crotone,IT,-30.8
DEF09,Pinneberg,DE,-31.1
DEB12,Ahrweiler,DE,-31.2
LT028,Telsiu apskritis,LT,-31.3
SK021,Trnavský kraj,SK,-31.5
ITC4B,Mantova,IT,-31.6
DE257,Erlangen-Höchstadt,DE,-31.6
FRB03,Indre,FR,-31.7
FI196,Satakunta,FI,-31.7
FRK25,Loire,FR,-31.7
BE256,Arr. Roeselare,BE,-32.0
EL533,Florina,EL,-32.0
ITH34,Treviso,IT,-32.1
DEG0I,Saalfeld-Rudolstadt,DE,-32.3
SK023,Nitriansky kraj,SK,-32.4
AT321,Lungau,AT,-32.6
EL514,Drama,EL,-32.7
DE409,Märkisch-Oderland,DE,-33.0
BE257,Arr. Tielt,BE,-33.0
DEA1E,Viersen,DE,-33.4
EL307,"Peiraias, Nisoi",EL,-33.4
DE946,Ammerland,DE,-33.4
DE917,Helmstedt,DE,-33.5
DE719,Main-Kinzig-Kreis,DE,-33.6
DEA5A,Siegen-Wittgenstein,DE,-33.7
DE408,Havelland,DE,-33.8
DEA16,"Mülheim an der Ruhr, Kreisfreie Stadt",DE,-33.8
ITF63,Catanzaro,IT,-33.8
DE136,Schwarzwald-Baar-Kreis,DE,-33.8
ITC16,Cuneo,IT,-33.8
ES513,Lleida,ES,-33.9
FRF21,Ardennes,FR,-34.1
PL924,Ostrolecki,PL,-34.1
BG332,Dobrich,BG,-34.3
DEB22,Bernkastel-Wittlich,DE,-34.6
DE80O,Ludwigslust-Parchim,DE,-34.7
ITG16,Enna,IT,-34.9
ITI12,Lucca,IT,-34.9
DE27C,Unterallgäu,DE,-34.9
ES419,Zamora,ES,-35.1
RO414,Olt,RO,-35.2
DE718,Hochtaunuskreis,DE,-35.2
PL912,Warszawski wschodni,PL,-35.4
DEA59,Olpe,DE,-35.4
PL427,Szczecinecko-pyrzycki,PL,-35.6
ITH52,Parma,IT,-35.7
DE13A,Waldshut,DE,-35.8
DEG04,"Suhl, Kreisfreie Stadt",DE,-36.2
DE914,Gifhorn,DE,-36.2
DEA58,Märkischer Kreis,DE,-36.2
DE94E,"Osnabrück, Landkreis",DE,-36.3
ITF21,Isernia,IT,-36.4
BE233,Arr. Eeklo,BE,-36.7
DEA1D,Rhein-Kreis Neuss,DE,-37.1
ITC18,Alessandria,IT,-37.2
ITC13,Biella,IT,-37.3
RO412,Gorj,RO,-37.8
DE223,"Straubing, Kreisfreie Stadt",DE,-37.8
AT121,Mostviertel-Eisenwurzen,AT,-38.3
FRF32,Meuse,FR,-38.5
BE254,Arr. Kortrijk,BE,-38.7
DEG02,"Gera, Kreisfreie Stadt",DE,-38.9
EE009,Kesk-Eesti,EE,-38.9
DE267,Haßberge,DE,-39.1
DE269,Miltenberg,DE,-39.2
ITI45,Frosinone,IT,-39.5
NL327,Het Gooi en Vechtstreek,NL,-39.8
EL643,Evrytania,EL,-39.9
FRI33,Deux-Sèvres,FR,-40.0
PL22C,Tyski,PL,-40.3
FR103,Yvelines,FR,-40.7
ITC17,Asti,IT,-41.2
FI1C5,Etelä-Karjala,FI,-41.2
PL811,Bialski,PL,-41.2
DE93A,Uelzen,DE,-41.5
DEF0D,Segeberg,DE,-41.6
DE737,Werra-Meißner-Kreis,DE,-41.6
DE259,Nürnberger Land,DE,-41.7
DE225,Freyung-Grafenau,DE,-41.8
DE135,Rottweil,DE,-42.1
DEB18,Neuwied,DE,-42.1
DE945,"Wilhelmshaven, Kreisfreie Stadt",DE,-42.2
BG325,Silistra,BG,-42.5
DE939,Stade,DE,-42.5
LV007,Pieriga,LV,-42.9
DEC05,Saarpfalz-Kreis,DE,-43.5
FRD13,Orne,FR,-43.5
DEF01,"Flensburg, Kreisfreie Stadt",DE,-43.6
NL133,Zuidwest-Drenthe,NL,-43.7
PT11E,Terras de Trás-os-Montes,PT,-44.2
DE71C,"Offenbach, Landkreis",DE,-44.3
DE143,Zollernalbkreis,DE,-44.4
FI1D1,Etelä-Savo,FI,-44.6
DEC03,Neunkirchen,DE,-44.8
ITC48,Pavia,IT,-45.1
DE214,Altötting,DE,-45.3
PL613,Bydgosko-Torunski,PL,-45.4
ITF65,Reggio di Calabria,IT,-45.9
PL715,Skierniewicki,PL,-46.0
DE71D,Rheingau-Taunus-Kreis,DE,-46.0
DE247,"Coburg, Landkreis",DE,-46.1
ITF51,Potenza,IT,-46.8
DE249,"Hof, Landkreis",DE,-47.1
RO312,Calarasi,RO,-47.3
DED2E,Meißen,DE,-47.5
RO411,Dolj,RO,-47.7
DE264,"Aschaffenburg, Landkreis",DE,-48.0
PL923,Plocki,PL,-48.6
DEG0N,"Eisenach, Kreisfreie Stadt",DE,-49.3
DE27D,Donau-Ries,DE,-49.3
ITI18,Arezzo,IT,-49.4
NL212,Zuidwest-Overijssel,NL,-50.0
DEA2B,Rheinisch-Bergischer Kreis,DE,-50.6
EL306,Dytiki Attiki,EL,-50.9
DEE06,Jerichower Land,DE,-51.0
RO423,Hunedoara,RO,-51.5
DE941,"Delmenhorst, Kreisfreie Stadt",DE,-52.3
DE71B,Odenwaldkreis,DE,-53.2
DEB3B,Alzey-Worms,DE,-53.5
DK013,Nordsjælland,DK,-53.5
ES706,La Gomera,ES,-53.7
ITI41,Viterbo,IT,-53.9
DEA18,"Remscheid, Kreisfreie Stadt",DE,-53.9
EL524,Pella,EL,-54.1
ITF34,Avellino,IT,-55.1
FRI31,Charente,FR,-55.3
DE407,Elbe-Elster,DE,-55.6
EL521,Imathia,EL,-55.7
DEA19,"Solingen, Kreisfreie Stadt",DE,-56.3
AT125,Weinviertel,AT,-57.9
DEC04,Saarlouis,DE,-58.2
DEA31,"Bottrop, Kreisfreie Stadt",DE,-62.3
DEF0F,Stormarn,DE,-62.4
BE232,Arr. Dendermonde,BE,-66.5
DK014,Bornholm,DK,-66.5
BE32C,Arr. Soignies,BE,-66.7
RO317,Teleorman,RO,-72.7
MT002,Gozo and Comino / Ghawdex u Kemmuna,MT,-72.9
ITI42,Rieti,IT,-74.8
SI035,Zasavska,SI,-75.4
ITF32,Benevento,IT,-76.2
ES707,La Palma,ES,-78.3
